feat_0,feat_1,feat_2
10.248357076505616,5.037567350794372,5.935377785269171
10.191534316543017,5.264406905316204,6.285196561989446
10.841224043380056,5.796689250909685,6.696260192486306
11.527764033573368,6.238649580490737,7.242141449042053
10.88643066084176,6.3336961267743686,7.578933451647554
11.108502026110358,6.486066246794768,7.678645613015956
12.218700619611074,6.319402493657973,7.239345871463074
11.994743850128033,6.285018464168318,7.592910024936097
11.533918658036555,5.91825652413675,7.20366826181503
12.170934126725022,6.630533194735903,7.508960723383204
11.770404186184075,5.426841029382614,6.859309189493878
11.841709624672248,5.235357008315009,6.864213915268968
12.23703459263956,4.8444778203292405,6.098480213542422
11.169413334527645,4.945248745429551,6.0065810990463175
11.242115585200862,4.231515096512392,5.837167487618787
11.770969267969821,4.3886624500222995,5.919422875776934
11.463238544764826,3.578914707050182,5.266074729641016
12.015779517301667,3.719809509233538,5.447121354127264
11.267014447790972,3.3393958840220725,5.0030587809614815
10.852942361189733,4.2896559988984135,5.337018845694462
12.108394889045723,3.4446823686144876,5.386888414025025
11.060619197960163,4.137286041288288,5.755870671108219
10.99001320771332,4.550133064279629,5.792230944152762
10.015005681222982,4.850911161581667,5.875034675547158
10.218475104866018,5.0644137023366875,5.789004482331409
10.305461294854933,5.474282357733753,6.543369096361556
9.43383674416024,5.8931434415937325,6.715693590449863
9.960469234843128,6.1515595712912745,6.900903300601784
9.243431549671241,6.72820184071513,7.456118454480453
9.18064577689993,7.2570456399110075,7.574950221112805
8.823576189300358,6.482752464497651,7.063838394636913
9.867044880397092,6.192947845559879,6.723834384788899
8.772224902079456,6.432553491171283,6.89577734317807
8.11248868451802,6.999572973076116,7.18728526378393
8.941618351119555,5.6788976296090805,6.376503358319364
7.837465142424181,6.054963609287002,6.337558530147767
8.499857296044999,5.683310244222933,6.220325135453013
7.394111481203568,4.6306949598338205,5.348587698396072
7.719853518694242,4.610694923755584,5.145173795295672
8.523856116477184,4.622858815158741,5.081742855274694
8.867120257407398,3.787223572027096,5.153119689944241
8.686030035662945,3.69503715253569,4.969526544899239
8.67352000780185,3.535495725815407,4.304648043191572
8.738421666653775,3.461684241358537,4.654973287466624
8.331644792958908,3.7261786308035387,4.546676909124344
8.914507391217699,3.7971577481915015,4.873325119862953
9.266173266316676,4.490225040477767,5.5042595114482475
10.262312007740103,4.615779463028626,5.698204411907658
10.15442937045452,5.310135773537223,6.122241359803404
9.357813455190024,5.166459873792692,5.8666223796089065
10.662041984697398,6.099264069664338,6.828581269574703
10.56812532692045,6.565718860262497,7.1998357119479985
10.678918774176731,5.960917412905221,6.891082027149652
11.57208724978979,6.826105710387874,7.632150020446107
12.019007109451405,7.138300697741987,8.250852393226396
12.191210564143047,6.360996433826241,7.824488490956788
11.509485450246057,7.0808098217279705,7.850534299157579
11.956420297625971,6.471365874589637,7.6162576593039795
12.434287566705812,5.828496443272478,7.249591690019733
12.887426668493218,5.66649784435647,7.205084063367675
12.26252591366766,5.46749807375652,6.841694695321966
12.481745013125469,4.939573049769943,6.596543926112992
12.062885969853529,4.721626797733912,6.286328422693967
12.02795014481621,3.978137750296369,5.340567744734878
13.010837412654478,4.071770141534167,6.033414808636085
13.23023304687572,3.451996911494904,5.585102306024416
12.433649044141871,3.79663218159539,5.371378333268971
12.860422299950043,3.6149389681269604,5.471623201581098
12.401844498075393,3.820302911546412,5.673277027414422
11.736534334554815,4.655167780783308,6.029578327621738
12.056268307339153,4.92739303617828,6.567763699963657
12.442525631436414,5.149512868618374,7.080889920105855
11.438336085814381,5.0323061705982255,6.15631494711446
12.009701602236714,5.658306032745337,6.652376226012858
9.680793915083736,6.483929309993753,7.184065950132725
11.160951252187612,6.4781752458717925,7.559042948160186
10.552857066990478,7.374836967671166,7.964267712766075
10.123116550437356,6.951884091251914,7.87678271575321
10.089631282898395,6.947614734947009,7.308296884592638
8.832708194496123,6.751153800172852,7.306048403643828
9.514593551496299,6.739100377111343,7.173026847836556
9.619462073898498,6.41991922086566,7.403703372713688
10.017920536819181,6.372432603006582,7.500033260402725
8.882209039859145,6.090239262692154,6.495301900568883
8.626099093621367,5.184203161847616,5.762670921020651
8.697008445617424,4.637401546278884,5.621240503542553
9.353126557393658,4.129138388069013,5.096509891976039
9.038322097973298,4.526737226293945,5.419971957043368
8.619066441259937,3.809951912471182,4.776852502337415
9.1820592150993,3.3502440826806534,4.132672477924851
9.046425742083713,4.06657358135929,5.059776464285327
9.584668390334405,4.754011115796235,5.582197015891034
8.880317602057291,4.159140620861371,5.004751452620601
9.225142441149536,4.65588706055567,5.8584645373682065
9.374851711576545,4.744548807564269,5.419308009510873
9.042672021348993,5.057104536388877,6.016859070730496
10.144552790328857,5.755722944896329,6.577696327916472
10.364278530720588,5.786146204397182,6.645820635962697
10.48517695399152,6.3202176942215695,7.3112839253859025
10.622039966183818,6.652169513638625,7.514153863061441
10.292314628974792,6.598610969583744,7.45147430090586
11.050343805745927,7.251501444294559,8.204906848691406
11.346022516066325,6.957512072991377,7.768952484969702
11.365110470758545,6.73716519158575,7.540306900518759
11.922864492370426,6.979991058747778,7.751535640160748
12.427595932992215,6.316119777242508,7.373332902396659
13.372187162462644,6.28845434721074,8.295019795322867
12.698315391967498,5.920492868660524,7.524993289469276
12.89743104636541,5.8657686697494755,7.001886271831058
12.862431147048955,5.299180902210209,6.547339359829245
12.042727424940786,4.7924919123764536,6.338912227233019
13.061317563732768,4.739669717980265,6.513452246606359
13.146168561827057,4.6780241590285385,6.4814298066517155
14.357674513099187,4.283454352471957,6.247307225886664
13.008394019066817,4.073105785953015,5.835072580575196
13.202886703757112,3.7325603908613507,5.692201558272375
12.952298220079417,3.96142779540073,5.776780481595134
12.274316832194264,4.432772416913776,5.557221225420367
13.29243789280909,4.657146339352214,6.33824472392855
12.935060728200767,5.150680041450581,6.537274891948556
12.771086478106472,5.616994977469124,7.082855561378297
11.718813620806062,6.152136393960801,7.862523639850536
12.657646260837407,6.33885036658227,7.676105878528158
11.026454242933571,6.821610664927678,7.599873443294378
11.784095014028747,6.938380430119692,8.091883647296955
12.345227812904994,6.481248769527441,7.7505821556447945
10.514065370306048,6.848199381854373,7.665391477635078
10.489471360868905,7.040662472717117,7.85179436899061
10.593576577174463,6.5761296828243285,7.790927774660265
10.07475482473847,6.8856387907786845,7.297284310505459
9.349097779881989,6.85922524970311,7.451926171101177
9.97518727554564,6.408857123162975,6.9368469276432005
9.247821657585368,5.595967138720934,6.43744057176227
9.87814036431356,5.72398927340121,6.3710821892864615
9.070633777951059,4.964600237160636,5.702333582597705
10.222854169918461,4.513214036884767,5.596124080643926
9.003798852374503,4.196941095261059,5.353475990552691
9.21291578504062,4.145370354619959,5.342570329492575
9.790705151828291,4.0735469544376315,4.967835118626487
8.809993340325645,4.297236127279043,5.210774392088333
9.611616934711758,4.449134088638302,5.339714686903159
10.253917272209174,4.645253634266196,5.515285379719725
8.927602531715358,5.091081450923909,5.814982256997324
9.981290443714574,5.683965314782117,6.481733782877445
10.200847185266834,6.004866240632395,7.329405726828388
10.665340931303708,5.6677591771188105,6.753867493027929
9.878017296357527,5.713823659529407,6.2711388867441835
10.07352258808851,7.075956145151607,7.562514632904799
11.243591008478742,6.62897449615203,7.756174457703252
11.387825869487985,7.126459118865797,8.396421023564221
11.625246425172936,6.898966092182192,7.52702549633275
11.933890571877093,6.663294608159598,7.341428923875288
11.677367413540459,7.221476924138097,8.486848057092926
12.382375953949857,7.053406719870617,8.197123402160647
12.65004358485277,6.347046879781986,7.4339876744208695
12.368394795571762,5.385915880010308,6.889337480347085
13.861981467429754,5.616126665524264,6.738148078101986
13.347942946007471,5.514312633966988,7.081713797694517
12.673004102402706,4.596326529367764,6.27722627854337
13.727930909248952,4.789347804153926,6.761918453080497
13.014772197476645,4.496368939571442,5.997270400693976
13.968116803328604,4.529898710446726,6.434679761303773
14.195351246360246,4.345874110524247,6.13068461247953
13.215712297680689,4.0741905783019305,5.953571673312546
14.08626256607954,4.8799333448226845,6.5421299246014515
13.758503496058559,4.716780956312081,6.443505296429333
13.880684184929281,5.071808638147024,6.634420668545429
14.307052342331003,5.166791044624266,7.125070552530344
13.098332427550142,5.707015324642544,7.356968968555397
12.682226129678632,5.96778775344571,7.263751314700812
12.430813289772184,6.548116182022975,7.732303202564823
12.265602205720716,7.42917271582252,8.106740330875452
12.417698250662308,6.747467762797249,7.821578530768904
12.397955761738038,6.82982032007058,7.933406484995722
12.129011866793626,7.811351098248083,9.199041870163185
12.163591624518022,7.261091636288045,8.019198228779208
11.515834478810348,6.978316284078685,8.178655370775505
11.999387264248947,7.257631577998639,8.405354469941864
10.911422478011664,6.458315338078942,7.405064046963514
12.186577235091377,6.8310314817178615,8.253864729231593
10.937263169297559,6.103377761401778,7.144575937502307
10.012327009934484,5.370398009902514,6.376615649042494
9.743527265417868,5.807192463979654,6.583835293663788
10.382580356617567,4.672625351319178,6.059330128862581
9.918614502405038,4.843590505926139,6.077889151984095
10.304887214455738,4.565899034688346,5.588561213142583
10.132044310829395,4.820522386819639,5.618977332701837
9.83753208681502,4.954564619584455,5.890561985551438
9.460549684109255,4.650563139043071,5.452552735176779
9.16800188619969,4.658314467116324,5.547547036009926
9.774629491376183,5.337991642881738,6.472806839517455
10.528545292229696,5.363456821420582,6.305014184565047
10.338391021061069,6.564016174257985,7.310326467356287
9.766104125092424,6.3941891669786015,7.080176705563045
10.657496251068212,6.610403534606359,7.589508254339787
10.967088185279469,7.091064263539288,7.416891181090405
10.554563933696,6.874900218817746,7.489492902840338
11.310613447603405,7.142404527880404,8.018303050280899
11.511724584893292,7.850124172383328,8.822460046170693
11.16784838395608,7.246820455742183,7.932645551883721
12.17889368017414,6.984964810872074,7.648440043524113
12.541058730312722,7.2266559975380105,8.413478833286181
13.058905395917343,7.1157112463989005,8.177277598537465
13.29315013138681,6.618914560853302,7.715828343141931
12.314672664224885,6.318814305741753,7.393116899495736
12.756657984627385,5.409732905775387,6.842212850014617
13.686611845461705,4.853456799977451,6.4991388761666595
13.86791946100768,5.424739923806834,6.67226261982719
14.026179694157054,4.644157942670701,6.699975532345398
15.8260198502594,4.520861355629882,7.03686806281153
14.287558287936891,4.948458242554717,6.946582649899053
14.642357321547676,4.772980263386594,6.519318540933847
14.593054338603146,4.897728225947824,6.796495141689384
14.451749082509442,5.653840531690504,7.4121179788084
13.946939879137206,5.12694453088595,7.010702478448584
14.431597642836941,5.965123470770585,7.792086402927473
13.583241497663254,6.097103937469122,7.447496689752248
13.740246547634028,6.553806251312747,8.007493421859717
13.478344711637032,7.298540527923751,8.625957445589457
13.600031281550539,7.30801089866671,8.85757943967283
14.532899787921702,7.56052692939155,9.095902809062526
12.239874751907553,7.875640940626543,8.90629904035785
13.299379200556611,7.5005141811371345,8.677052510606902
11.921021838734884,7.312125839231901,8.515996868173199
12.254700534233892,7.105595347470351,8.217368944014959
12.794475298483684,6.595753194967024,7.663280033635642
12.041473542419126,7.496862138982099,8.686458413694544
11.233747836705641,6.192266057937287,7.340143068198764
11.186099040000668,6.073623912924278,7.0075101341138595
11.666291526263914,5.6737274423795485,6.776341665676574
10.759246179556483,5.492222009342726,6.60494195241363
11.049135082933608,5.339060991981969,6.573712769225815
10.801759434400328,5.119103940831266,6.29509349267132
10.31554397519306,4.541188028995715,5.758320952923762
11.602317939730625,4.619863485864077,6.356345851552663
10.7648464785687,4.810885245712886,6.215986122731026
9.38285420521382,4.806354556468277,5.7597816044703904
10.467173700528171,5.60654350102617,6.766931657080067
10.053053310759262,5.587292485491468,6.27393986983952
10.851642165940733,6.027234768161159,7.071701657706436
10.10162659819334,6.39886438060021,7.501278094065458
10.542977674334512,6.945270724899378,7.621202935707931
10.9838377884862,7.014306467611113,7.638685946062314
11.321851111533482,6.886610587393069,7.643240914502541
10.470757584614732,7.638944491202448,7.987380502416428
11.107178877494576,7.478481671296053,8.047268730910218
11.25901999621609,7.571414995475074,8.234834375905272
11.407086278343785,7.85979794506013,8.288142207881133
12.865347345810834,7.910523027106753,8.904611557637491
12.441824388351861,7.312041644800651,8.518453628268222
11.869558022832468,7.092649903779692,7.866480291560863
13.219597440655999,7.153893051044343,8.670890713695027
14.078457872836028,6.332225953846568,7.98363075534998
13.78248173564493,6.657276366600344,8.288433557534074
12.743822365226423,5.689652893689457,6.968919877226424
13.483453468151826,4.686111000473436,6.616484539422438
14.562549786450692,5.206964380654707,6.859694681734842
13.75719175274219,4.950458776031231,6.889854871540725
14.490565565077144,5.1769258262248234,7.074021641953995
14.786971131646707,5.048065665947381,7.106497003084203
14.038647796801264,4.959425099128209,6.54015071753785
14.544811823426475,4.877050357333361,6.631588682096663
12.995419786822008,5.497293022814195,7.116364019266435
14.113859636189398,5.671615296083423,7.170394563259778
14.478290425760797,6.1458429650585895,7.904973715618857
13.928221441607882,6.889802088979962,8.024058398213496
15.285859756897857,7.580971351305413,9.291583874957237
13.643585162023712,7.514061630726717,8.493461674032414
14.001004242203086,7.2802731870661,8.734879385629402
14.124464500500423,7.9272695398996404,9.291834718748998
14.596207149118005,8.208989445993694,9.347078622932642
12.955576272613715,7.620953868137791,8.804283662449922
14.037830981446827,7.618832955674782,8.954721013495902
13.232496304839497,7.430066630198585,8.48278419388822
12.499912141604629,6.884530506075322,7.805895896365942
12.981051737131631,6.95771269780694,7.769855367337362
12.608863380658123,6.343715555417675,7.666675129925704
11.972511787090891,6.122631165518324,6.979646735560426
12.078651937125654,5.373752346659375,6.733801104640893
11.63383585336569,5.2031023381231645,6.43655939795522
11.681188168040682,5.317676301671674,6.726207230033116
11.77197112540315,4.84426131493887,6.1693941771337535
12.071981922521102,5.428089155370022,6.690978151530819
10.522436399582542,4.846220404882016,6.1278377446797805
12.096862582396092,5.1883673120489116,6.637077971935171
9.97184306764844,5.644117077782105,6.5728934671919275
10.81953295102483,5.254490280120082,6.461352332262736
11.168105146385745,5.518528788751991,6.3413296356373205
11.024442477010972,5.982303105628967,7.142088715902764
10.614075738632327,7.212003798681924,8.014911945474726
10.893825842231056,7.034442556232266,7.602982587716725
10.853845427738543,8.283119957480292,8.748448956797102
10.93666177052386,7.589763826079434,8.251281957442792
11.813774562958928,7.969254130392712,8.711258860025609
11.74941353112515,8.432632985770363,9.162761088155026
11.427974697784729,8.525716605881339,9.392441580628255
12.446292589513197,8.39748917866758,9.42360320637127
12.38740065506895,7.908170040957762,8.54157232509372
12.88905128508977,7.547218757743442,8.739999261273917
13.054147953833196,7.060986652414148,8.52540557660504
12.58550249453896,6.733508322849991,7.981268861325626
12.98057594703012,5.9514157174476665,7.575443848401351
13.891026576891335,5.514540334973322,7.592291672497078
14.071434238086082,5.453327490996895,7.381690749636129
13.993056551221349,5.1699065075658694,6.984398235425312
14.284234196239343,4.940142845768215,7.017978810679392
15.067926659751592,5.238916234237015,7.2336958859593095
14.315240791133665,5.372702823137552,7.165991025393766
15.042204541589049,5.267483960210895,7.1521452293437795
14.798557778715091,5.9275988525367485,8.014473309538838
14.893272430976696,5.4574932657599495,7.180963365614899
15.62396292745097,6.108673594562297,8.318205006075654
15.528761631350559,6.344953303819144,8.281687794073502
15.532808274856862,6.393267582531861,7.941314486036473
15.757313905034545,7.295195794247181,9.06114927500294
15.062614953406685,7.599135919264838,8.671826424562884
15.310630590579521,8.333073028649293,9.853686144401546
14.7035224727073,8.223132244800036,9.696256586979288
14.8831096617958,7.782743952701239,9.08434590338974
14.494022684673535,8.600116509333862,9.803607283592914
14.424068487081307,8.265348214334262,9.887923755633729
14.471085860921892,7.840289482820411,9.065299417588319
13.547138763752626,7.2920547703450636,8.331290051615257
14.773573412172448,6.71539679663674,8.623364800236402
12.987657776378766,6.5083379671786945,8.196719367124867
12.642905693606144,6.563396018257493,7.780037087696793
13.588388969621437,6.445375891780388,8.07627111443027
13.168451572651758,6.03731288670183,7.731835806997993
12.855810803156736,5.194307067787472,6.5781109683536485
12.64066540642871,4.860226030579696,6.319252738675925
12.11830610899161,5.192265874073361,6.823648823687958
11.49227860239971,4.6755794508975415,6.375922136939677
11.81687579354528,5.45791220857878,6.842281097606951
11.302763293239916,5.560059052330578,6.532637029812036
12.017905761776834,5.780189049439538,7.425144614246886
11.374358276658626,5.808360512166162,6.8153658855022625
10.982676900146366,6.83408003197091,7.596771849371711
11.213253622316962,6.913418315755195,7.841852943965473
11.590412270281268,7.089024949286912,8.30013449762874
11.143563222140632,6.893981507795321,7.914693045974829
11.086776769626475,7.990783634161469,8.692955361326852
11.72218950081391,8.685564218434518,9.385546980934018
11.853827434550327,8.708377764364363,9.346170632130251
11.63550192676286,8.026759862457721,8.86013617822245
11.835386635333455,7.838374487568128,8.131864901582333
12.390454464093875,7.926292448602325,8.759803359886677
11.772450481047898,7.180484368243516,8.14714197778775
12.030019007442368,7.213766137599613,7.946813894844263
12.623398115044058,6.969824083515428,8.177803553383468
13.132609957015466,6.72485139951152,7.965508866815085
13.655453782798984,5.969953777056029,7.858148917867718
14.49834457560338,5.633237703167092,7.720863022697321
14.446209585930712,5.19756711829638,6.954134497999614
14.186279840387638,5.06804715435444,6.861526149247742
14.493999244252091,5.2020563324295415,7.045655401672374
14.224305822266034,5.436320912611247,7.10358599931028
14.919837643861184,5.755037282193316,7.627002351332514
14.9666971660915,5.483386143016067,7.2283919338536355
15.430015131173075,6.487806570687858,8.050125215797397
14.986038633155871,6.325434352033441,8.182097453037981
15.76178628971089,6.793589811695474,8.71313502414292
16.340943957958665,6.96906506390941,8.682577690787262
15.561673382628117,6.832727921918107,8.757588100212631
15.826909317906013,8.140873790688136,9.551765350298647
15.949646497312937,8.340091274804385,9.912635366913692
15.351502796647388,8.18949047229814,9.785961739690482
15.581700345837252,8.350097215167462,9.789695328360677
15.364952051394928,8.43867050474483,9.914874996503075
15.269864534826004,7.670274348610706,9.086906457076251
14.672589319929644,7.746944368575938,9.092780042161062
14.887825591714419,7.8382794038865615,9.207016755276067
14.92250649382616,6.866941740703009,8.328739022019592
15.181820909266884,6.948067379649999,8.559463252950222
14.70701518737232,6.0697968909591955,7.487516890469071
15.067257695884381,6.259928994730045,7.923163985532494
13.366326218555987,5.803647383530945,7.259208051862019
13.945493851231728,5.09642234955169,6.815000699388622
13.36429122853948,5.785533066903551,7.252985210056582
14.138652361239483,5.169622526960586,6.951075653844339
12.422343509118996,5.203035529462081,6.742785429010676
12.20456857432467,5.661132653492629,7.144723252485543
12.141209465420616,6.188931033048777,7.249433674153492
11.217025652293522,5.855253454306472,6.6869677228260525
11.878466638155594,6.545275387300592,7.403504755022972
11.650779564291117,7.048644950099166,7.871631288698571
12.023083860647795,7.521160249832731,8.351160708432442
12.066303486431204,7.732932466583167,8.445607457313283
12.812031962751401,7.885551820054833,8.611624515744168
12.359158462236481,7.990761039482033,8.773216358538084
11.636973670711422,8.419731904347513,9.09946558164309
11.548679631735512,8.128358296404317,8.931428456637668
12.346305480821211,7.52748359438522,8.379763361050754
11.571227545485645,8.390006046923963,8.943650782207612
13.304702897375593,8.296840624105677,9.113073416990199
13.16062584850326,7.0111202693374715,8.234733551095674
12.53984166936269,7.060309356240812,7.986530092027025
12.139925387251134,7.165746278301561,8.275207662739716
13.910687081713352,7.2140200732597375,8.196180176563638
13.425350303043981,6.246238112302619,7.6101346159603995
14.35824168885812,5.715938945851441,7.504620962291126
13.202786170602813,5.6460929619918865,7.194198506978572
13.960978955651717,5.968574186310859,8.10566187297513
14.520001624188794,5.316210746262639,7.226928926761452
14.78973940225172,5.326353658571318,7.018219887938996
14.778474612463798,5.57613883766873,7.397513143209929
15.536995470758688,5.678341245742557,7.294822824052493
14.895283997166082,6.316801094798439,8.016377725412617
15.539836743040931,7.134174969887099,8.648696113117714
15.828803666859978,7.136923781934792,9.058377814031862
16.156873521961412,7.357522517015891,9.007484663085888
16.35792047163475,7.712456619325326,9.418196206628162
15.512253455538442,7.646702929170823,9.092701466163465
15.348996371488733,8.623971038820802,10.316746375725057
16.764891867805797,8.490537580329763,10.081159884601389
16.270731507447174,8.515856025922812,10.433342530923525
15.677869764312028,9.481821009787064,10.883861113115708
16.7452300926933,8.468663978186363,10.220390546554828
15.91649316815046,7.920122856751272,9.593143548494613
16.310675077583493,7.712092721138332,9.510568652070615
15.592853452562435,7.827762280412811,8.995245998973616
16.405944467025943,7.133981123161319,8.932597113104093
16.05117776942504,6.285288038851029,8.407497579202696
14.831767031129823,6.635768680372567,8.265188913829197
15.213165249806895,5.853896602558492,7.444712362647458
14.81335444192118,6.382951227188607,8.058550980019628
14.934315778766186,6.000125680280796,8.127784803228973
13.526871802581336,5.495803431302375,7.351395448665111
14.115645955669509,6.0704161690869345,7.667061324530244
14.07296313805544,5.861318547481556,7.693937321007951
12.447122908585014,6.340171930756843,7.488260722248868
12.532800239082171,6.545419845188333,7.402121606601757
11.921289699262577,6.512864435848959,7.409656290905772
12.644270097226148,6.966935050304755,8.414979813390673
13.000115276893947,7.862216812928136,8.834997889355437
13.281524421115979,7.819567400368017,8.863282008642607
12.484934357619581,8.114565632807215,8.928671738514712
13.209733271328272,8.192501331871844,9.57677503767773
11.683895814036012,8.76096845911164,9.670745713168927
11.532255323465877,9.308757475772943,10.197213092001157
12.397651649094314,8.323628865157321,9.10662437986471
12.689919691879345,8.50630394267848,9.402151990268072
12.583998521020911,8.689326338404465,9.164932265043596
11.697623098976035,7.936107582626291,8.983797571119895
12.844413494692022,7.738940106528715,8.52647887390779
12.4186710378902,6.901281941555938,8.048114873575317
13.609265769830063,6.9652635615085225,8.074603497646262
13.679791774844997,6.423856720498633,7.757270366020167
13.263811001466951,6.470058826924156,7.661356775622775
13.725686767001942,6.297177709792774,7.661304469099445
13.709726771926912,6.572980353171983,7.892505096293174
14.46866045136341,5.923889951964073,7.523190292858926
15.238237627379236,5.903850155541048,7.937394432264747
14.524516751161931,6.01927718479654,7.499352539457114
15.518272363128284,6.098389940376978,8.026474710330012
15.2383785390172,6.621545153038487,8.588503660695341
15.329134088453777,6.798151009304501,8.401708352231678
15.87557903188009,7.330538292880867,8.895962662531193
15.593405324341893,8.068507828336164,9.52738240250126
15.991831198330429,7.738037230416096,9.624741065671106
15.800715158637612,8.697623740118534,10.157063550013023
17.48447559904851,8.994172625878626,10.585990361591083
16.592206277443243,8.718468181336275,10.389991130795277
16.266190702860253,8.173443530297423,9.571534534842705
16.733043412223655,8.581542143305276,10.348114299177542
16.548410476611963,9.008136469644992,10.59791273257874
16.441628232823703,8.378799753090163,9.929803754809095
16.776737454953754,7.780209330311523,9.411797795550523
16.73740970602769,7.57179609128534,9.22758262977712
15.955775911746315,7.592186007951378,9.371867455979547
15.771185091535052,7.120791502806654,9.096666321050147
15.738044656009128,6.528320370249099,8.242803677995347
14.522546765835632,6.18429250467577,7.94362069761804
14.698653574270084,5.943434449610197,7.277072870821761
15.910816908051968,5.639388205216845,7.576750399652431
15.813150323879261,6.3546127068408325,8.240108443674337
14.625481980221808,5.829415119802993,7.40669180849039
14.797612014399286,6.446109450570983,7.929108688378724
14.42824530294206,6.780734643796912,8.176680864332164
15.58319129885828,6.939493269444378,8.726671420992433
14.38628010751386,6.877285338530806,8.34161848864614
13.560470699674687,7.521119027100955,8.281343114950706
12.963135567842414,7.785969885736491,8.397262991630662
12.475750354319631,7.88888944178096,8.684888588717259
13.243075966929586,8.572967956296294,9.598526875633663
12.652170522425807,8.365326168328718,8.673194070603088
12.236760112610861,9.23019255597207,9.731560032069503
12.572139056421358,8.790614810810482,9.441670088629174
12.333172541336262,8.94423663619546,9.899691372865313
13.727517360679737,8.824024467140505,9.72771868350578
13.366245377017345,8.427988679668612,9.492237816086543
12.993900646751383,8.37600814044259,9.32783806972184
13.840317964512977,7.700757470667018,8.50255627347477
13.270028302819775,7.721389189237196,8.984758455280058
12.958331413784293,6.672977528272204,7.97312760646588
14.332467826777444,6.757913873863923,8.374478392381546
14.043884517257384,6.996018527937654,9.190839267088865
13.47786957463333,5.880862496941677,6.983441324580289
14.138581555588837,5.832787769408942,7.838885856597143
14.044811098977895,6.144172354897675,7.666810599833648
14.04793366738922,6.099985795148273,7.747041150477064
15.4630887737658,6.306150924105407,8.128436044977237
16.215374787363665,6.591095967264482,8.43110446460471
14.818095987420145,6.950416440568548,8.409985764291115
16.047733723714636,7.459681384933077,9.243193599803991
15.678186063642517,7.642945597078556,8.946558951057014
15.982007812702589,7.840851271268193,9.619198413059426
16.132897249737944,8.481772110360808,9.928758257259185
16.17903110071166,9.165624752248386,10.34229215413297
16.792916664976445,8.799247981761892,10.307979146805641
16.484179046726513,8.701529948032405,10.509489611143742
17.13734144548023,9.382124200786093,10.826100632321676
17.049455446732807,8.967774390247532,10.655801325186511
16.99657943342334,8.207237241872459,9.81891442503954
16.672271625835744,8.879886674924954,10.589948035091837
16.81618883617321,8.15940154421382,10.027860550363739
17.42980864550319,7.936068582962518,10.204538362129934
17.22011269874423,7.679594099170718,9.552585029985577
16.369878228604748,7.253921336279939,9.210843675696482
16.770692638266194,7.052835545141737,9.016020471674418
16.934787773543267,6.403693917049239,8.769087044720647
15.540867864024264,6.454893633776169,8.128322002304042
16.445187444393394,6.078247257291221,8.300636357287113
15.624937225896439,6.33164314426625,8.151362501368952
16.012679108626283,6.350721505770312,8.270275390919807
15.10903688885736,6.040330283709967,7.87242210162912
14.34755894966774,6.890134463072671,8.43206743967702
14.195562313929795,6.719210966465774,8.191235427334188
14.796662699000983,7.4891887718305625,8.993626193898752
14.673612145491374,7.750186194020416,9.450494995827045
13.874334339244369,8.584683670692302,9.83970374152576
14.443725724803734,8.33296020528844,9.728944227690878
13.110145757008148,8.610865132944339,9.419613352552327
13.74593361512476,8.953212223910327,9.733908336507548
13.035836049114746,9.022934804583317,10.016575165137153
13.204427841166881,9.409982570582615,10.344080983205426
13.471586303067896,8.638995556902621,9.900047841285874
12.965218815900645,8.662933379932756,9.402594341932488
13.181668771028544,8.425319295306064,9.33067945937849
13.887092947750675,8.725092277592097,9.429595579118727
13.13697956378105,8.596412579428373,9.426031755086733
13.915733023442263,7.668665234438762,9.117392894355353
13.035492467739154,7.266124915389207,8.326699350013557
13.996246237953606,6.981015648933972,8.512157725778064
14.609757824777374,7.00290331900264,8.486173598958024
12.835083538078992,6.142755954066168,7.5460328765130456
13.875981867679815,6.347621955386839,7.623755659882302
14.785028715386852,6.52255928893473,8.192095064151935
14.632228201609145,6.43643951154835,7.477370055380365
15.168193162355957,6.4978363793029725,8.194528504281173
14.937340939513478,6.98465365599031,8.249096463951917
15.543294893736459,6.189030312100227,8.301082131736838
15.682827849432561,7.5701340282054606,9.348154263003783
16.60127080515962,7.563777295061753,9.464610193474543
16.393459527019953,7.604038698596838,9.666124109713339
16.672308679241034,8.673360779857498,10.083367055569239
16.519632021523723,9.247757735328722,11.051605232150836
16.685291099821132,9.037803551288347,10.753739373846981
16.894747391641776,9.519751103594484,10.947439303760152
17.465881922193176,9.773683477396593,11.539247195792498
17.18916186452191,9.63836307550882,10.927264130829112
17.647000461038516,9.591027464488077,11.037319231492631
18.612274900780097,9.088298419101381,10.871375770789184
18.05161580857239,8.582630091670495,10.370631693438071
17.463041690772624,7.722638824084636,9.459407868870183
18.20518146253935,7.746181253561051,10.082597908775778
17.34807534607953,7.183797453751383,9.164882152143047
16.450591837343104,7.731282815249352,9.545645613339477
16.854612695545327,6.721574084490475,8.634111533418709
16.285630525038645,6.57792333635868,8.155344113984969
16.88333746983673,6.561556873378542,8.679924464348465
16.884779694179716,6.363080733911736,8.084969530881377
17.511726004341078,6.9146265726956155,9.020319649807615
16.61971279225143,6.374167085802997,8.149613219326122
16.117829509925286,6.862722064791349,9.111198753664299
16.40536925772035,6.897258824290593,8.981153455411489
14.64443234549607,7.090764678979986,8.6226489705375
15.627140811925674,7.696469272728406,9.535344916098792
15.65805282261376,8.262117528539262,9.572041391861013
14.304457771740728,8.5112093326448,9.778554896198003
15.398369673400024,8.747933877817655,10.11798312367787
14.793677699162266,8.777142866575108,10.033253849359273
14.233261831192218,9.328957067644996,10.564288720375796
14.59536444750157,8.958583887790699,10.232438420288833
15.276690577898165,9.591905528540485,10.786607270977026
14.121279022597212,9.243770031557025,9.888294342519403
14.071997260559861,8.548394721940358,9.461105970608367
13.665745048772504,8.587237276885048,9.578397044543395
13.449024358411062,8.097581645976602,9.186544663318825
14.29911445141558,8.035752353125735,9.06238402784892
13.497383585588189,7.958906566153175,9.548937305155862
14.033670086019391,6.637448259106276,8.419971435539615
13.8615171716854,6.928847651964425,8.435805219987115
14.47083406186917,6.612922055653358,8.19891182915327
14.555804567091888,6.717513283501538,8.242729746239377
15.089675760271575,6.533958988471308,8.054718650826915
14.519421295987668,6.300520461044746,7.959796731737103
14.861555184149886,6.585245713623354,8.29205811575721
14.744369036739474,6.6855320711791055,8.048947349194854
15.260473595632233,7.562802141579558,9.169171715839072
15.927983779393827,7.613164926947791,9.245076887672049
16.378494308322672,8.570357205725903,9.750423114669779
15.799583805039799,8.375030323509408,9.687864017659587
16.952182734382532,8.547477969926847,10.145697816133657
17.44406803477184,8.621545853995972,10.763587821619184
17.210224799815272,8.778096202799858,10.575832547109693
18.16396841086398,8.99864795653195,10.564615733578378
17.04219961230558,9.610137995303447,11.193757576587402
16.988699133895867,9.63650624640258,10.797484026113564
16.87929572655188,8.86468089506703,10.684142072141416
18.64767626067663,9.374171666002663,11.134647654573882
18.329295860767342,8.655081684494967,10.571197282001608
18.04678216600215,8.487266471249473,10.664328939708447
18.256037770016455,8.543666188476642,10.228707791067755
17.563308933207356,7.94582322710588,9.589896731303577
19.327450491265793,7.239440805628241,9.540322877486552
18.116723623577922,6.746982160595604,9.228606223395932
18.024351502234488,6.135417273924554,8.209334904491172
18.221539162953388,6.4203652647936815,8.214168924803507
17.961531101419936,6.526660928351691,8.723403191283541
17.671036223996936,6.34995740242104,8.724521326718403
16.980333276862293,6.761584804195652,9.045386848676747
17.409241526771424,7.06739539310782,9.043132347423462
17.89726135360688,7.292543205457563,9.331201513664226
17.400089797407194,7.5317706580991794,9.736214632811931
17.28725978044832,8.17059640158999,9.619980737422573
15.994392161784408,8.645810762524587,10.037822887339951
15.514531122742115,8.55288027676714,9.983295223947147
15.709726765620466,9.618939885703707,10.926941005944066
15.57161335077501,9.409461665991369,10.53993066430992
15.873588411032047,9.599543626317052,10.86124078560122
14.278197180557639,9.862464326976967,10.247945427010503
15.705680947872938,9.673853578812661,10.748569370157949
14.699969565158924,9.744979095850638,10.826678932223189
14.427903614022263,9.311797421340367,10.13855985302581
14.024293707437876,8.736268787607857,9.80567061589178
13.620458631476813,8.671679625215628,9.750809926628405
14.807010790523579,7.836882137803805,9.162398028176208
14.410605526737662,7.82933934407921,9.179685334810214
13.738966093272929,7.43003100280668,8.499271507843007
13.777886112510812,7.071904771038422,8.371778783393692
14.329994617764626,6.862400640891661,8.4779626701841
15.43485665771266,6.191556546917101,8.071611161269901
14.601548473314164,6.545382527677712,8.039309462892216
14.13740203788937,6.793964730908732,8.307495473163018
14.948034256099644,6.968918811922548,8.707663858885292
15.138067710541218,6.856037285942379,8.102455115146652
14.148049330325772,7.8597123522594075,9.349194560863861
15.706603461371735,7.586918977881877,9.143604926843635
15.867152960565935,8.530837160158,10.083198306887635
16.5874367152781,8.761386876215282,10.56604622875689
17.42447804747265,8.806131807046826,10.255466315685897
17.323948981902475,9.848253439562656,11.201504347545113
16.88293542905227,9.200947056149708,10.67963499155508
16.712986150998535,9.989634991516603,11.177554519188105
18.79018724982836,10.070174695412893,12.161164521463348
17.75517972159218,9.522702676710614,10.997843666921568
17.93605885781383,9.99677769569598,11.473524572222178
18.098963941996587,9.270646217400127,11.077187568640015
18.367698231387955,9.126608088783975,10.734396212089555
18.32747389897006,8.761325119285155,10.595418732870884
18.21528202915018,8.259707377558874,10.31431296012717
18.30114503083718,8.160013914294135,10.121668056726241
18.599676821748545,7.798046616165674,9.939695285502259
18.35434107128966,6.729780236248753,8.94882598076726
18.248151610118793,7.412263967186781,9.27654743393703
18.605328146436253,6.377363664155698,8.887275202879659
18.342165496221618,7.139763861302497,9.73123080261577
19.110652345295392,7.224122801614666,9.6051090365075
16.895541581355065,6.7136719652587935,8.795098711927558
18.60484763781861,7.1610955418338,9.588390512054135
18.49861310083378,7.268288599454188,9.260487400420766
16.63681223199939,7.902295123259576,9.98970147663346
17.28490530832918,8.267589714744267,10.111518592745808
17.041659341331822,8.987126727334585,10.924404629951855
16.286910619769728,9.51309262383586,10.721249623917837
16.361091656204547,9.854365315016828,11.519322967765937
15.954045610138477,9.510387697703166,10.954150378997186
17.14875544738212,9.771122177310236,11.357256848495085
16.511590091204408,9.384968542333716,10.857097742978485
16.462270199293638,9.602127719484747,10.924450491831635
15.985265527436678,9.988493595605892,11.427954313666822
14.876379902534026,9.950335018844308,10.963615969551862
15.01671338130856,8.789695338436069,9.641685006293137
15.386031429609925,8.62548928990791,9.754160425506912
14.419281990621995,8.412078272912348,9.576349866015729
15.304386182495897,8.120819779992116,9.619532857125984
14.775262799463553,7.437118944023506,8.893430017331536
14.686536139368659,7.501558141559397,9.182347899079984
15.2394265272452,6.998810090202076,8.256713004802975
15.147557154285638,6.991775579302926,8.6516494816005
14.817403884500154,7.113885274401109,8.29099315134349
15.680010796750082,7.008037941509674,8.894374971654589
14.69081248519601,7.030046127165368,8.543307655883098
15.696941317920546,7.371456887042402,9.120475767622855
15.867456417126817,7.693491112238414,9.15550758109814
15.619656275758047,7.975768123381568,9.760438740188414
16.159559162917603,8.402361181199828,10.162145710355151
15.608194106438,9.352822718805209,10.720605856934146
16.94463373527374,9.408275834382358,10.889643965187947
16.64688246464988,9.467016076371072,11.018960811085861
16.738638489740445,10.00812442702986,11.212848725974508
17.785171080047057,9.853742892506803,11.611139661818997
17.165207929058322,10.361937391275992,12.052487677697243
17.062018457187552,10.074781397093043,11.686350921107783
17.225192761441466,9.786847462475402,11.128596028307134
18.528575480257768,9.719975249522914,11.553978759124506
17.788879535609226,8.808737154379452,10.346137321873679
19.48842357654374,8.58519832698087,10.88032143912858
17.727691147062174,8.181822498080257,10.181116910449148
19.747882289077054,8.199654360775334,10.135336678529246
19.10762176619161,8.319754499845557,10.244971184332295
19.02621794552218,8.163729872077983,10.27959970741807
18.843593913452068,7.4523772247555735,9.670448613066709
19.325621514032576,7.266364603049732,9.43632059816254
19.08575715024496,6.5296826797541785,9.118693319722771
19.603763973598564,6.963309120646199,9.541694813024774
19.02676792926306,7.044626768750871,9.402201174457606
18.93380673173498,7.338085548744825,9.506071485311184
18.539220379444668,7.78955685442455,10.149230984711886
18.530621399996836,8.06514425903708,10.48932110984669
18.52947138903098,8.006210056887275,10.014150026546709
17.318423151875137,9.217601644489022,10.715332562535282
17.282156394316505,9.038177092278016,10.785214485768114
18.099011821341065,9.747434231013171,11.346143873129355
17.576099186192593,10.541262906601638,11.920350722387182
17.158008331823687,9.798073361957671,11.417990986275809
17.018550499404075,9.3709137431761,10.518569876920235
16.946411078351126,9.998087472869566,11.651412658936412
16.273871054475983,10.269325996176237,11.484771112702056
15.937340289095419,10.29316440804603,11.33970095534347
16.22235212296389,9.031135121664267,10.451531691079902
15.451719399335115,9.192238334624758,10.436620418570932
15.983099892305674,8.52040686296599,9.666705208144942
14.790052346877054,8.244986926055013,9.85298765571007
16.044923713730782,8.713303004105093,10.187892272484355
15.684185708616221,7.163448729701641,8.956196551574031
15.523440365699566,7.4570837927717335,9.26066506147211
15.865292035116214,7.376419212096025,8.869961285188003
16.216683765374743,7.515735897481804,9.350619850867437
15.932610531051685,7.275506206607666,8.953398853316711
14.577449851743866,7.493377056174557,9.079545770331718
14.960557411700114,7.526845257993658,8.588142204664651
15.418934860148127,8.04073808237353,9.496558577880196
15.902019039553823,8.223813749696962,9.638890676511542
16.329735298377177,8.906471566956794,10.477576903367702
15.91155758883832,9.002345466840682,10.47819672871385
16.589876034035097,9.59313011817066,10.850954122379141
16.356059428453978,9.786881327674308,10.958282174995034
16.676861324174325,10.376853180908324,11.614721735850058
16.536002984447276,10.178470622357057,11.27064864931206
17.038383376944527,9.718090259537936,11.350545622109681
17.08482416432043,10.582465189647802,11.80909554449284
17.529443147841047,9.787318415417873,10.75434571803818
18.793070003673268,9.629530270185171,11.387273805558431
18.028807903787435,9.34130161178697,10.871094106018269
20.041761537003634,9.575559995605078,11.342545140792602
19.175753162297823,8.13929773580639,10.099103493460161
19.203444547399005,9.338095992444241,11.333047397801788
18.83947696091342,8.356817042719825,10.719077192008191
19.74980904463654,7.801311502458927,10.253647905667446
19.21429411947142,7.4844936941384494,9.709153101561895
19.635579408780053,7.4417774830236985,9.971718707209112
20.896095725990943,7.466336728513802,10.060470465965432
19.578023506994217,7.559675936351416,9.824425376647348
20.17921116460022,7.687643234124367,9.95508428657294
19.20052482002736,7.791214032596748,9.722710428732526
19.452159859683565,8.020798473907771,10.229086009751041
20.24405616882179,8.401389447250184,10.80153348954853
18.907542956657707,8.781527515894183,10.787405870043909
19.96531849085585,9.57335959671386,11.568557989952787
19.229446472312677,9.77806701668427,11.479193695670597
18.392273960256308,9.033543581380528,11.026938895492679
18.77245297489714,10.355808338635583,11.775710881898577
18.713656999143087,10.372309597849226,12.195784660876692
18.30157144823721,10.364387373066231,11.751380784315081
16.964887640054787,10.207333203506938,11.408357043345902
17.145764944958955,10.516271921672478,11.54881348820664
17.14886090789455,10.229918110416696,11.51342624053514
17.006534180080624,9.408136699652927,11.122878687434063
17.136828700571925,9.40534425379114,11.05476676083609
16.713279995881688,8.608502979637644,10.42514280529206
15.77323360878757,8.102885982909514,9.741384017271914
16.469072439951407,7.971984832623012,9.450668388382617
16.446637021637876,8.113057869935028,9.713615855410087
16.31024111903349,7.906899407936177,9.431527924332146
16.488277330187007,7.630036886595588,9.66779995612168
16.312386575817076,7.647528736054399,9.141142574721673
16.103536582757677,7.640964746700879,9.512218651790063
15.848863687414132,7.448517415756429,9.307177444109723
15.094945031784627,8.013916591622364,9.796046319998036
16.212696076975977,8.44012285756828,9.91270018292392
16.20418973864951,8.793058831290276,10.417749444678156
16.36713356759366,9.316674011442393,11.183096289980416
15.750599226538258,9.56571972181411,10.6791672873722
16.030377517938494,9.825434462262459,10.759415023891194
17.301005922081494,10.356705243274716,11.369563372254518
16.976715074868242,10.271081727901944,11.754750803067472
17.57450124331694,10.169326344065281,11.273731282303897
17.496779413735517,10.441079910816871,11.777756000813016
17.754211602619247,10.220417945991679,11.814639314724985
18.469141902987992,10.096484623184336,11.80805118651105
18.002644103019925,10.022304570565174,11.70346144989296
18.56544016280019,9.52227402370005,11.375365222680248
18.535111461016836,9.310840108762058,11.411467541875693
18.78625923448726,8.451915599913882,10.328321050680797
19.070984442850627,8.700759544558105,10.639405496524903
19.540161097674225,8.280361642608698,10.37778964456764
19.371652174719838,7.729213238899707,10.223739388436254
20.396533913790776,7.938735594853067,10.610374976319621
19.452350453822284,7.877382301854374,10.282620996111657
19.908677210509623,7.067732040689308,9.872619808031358
19.854708972320285,7.37729382699653,9.637168682586006
20.839542399033412,7.530219189387153,10.525528653626633
20.224330845112334,7.7223688978875,10.52740901167492
20.620496771191696,8.568842452579547,11.126297715751127
19.309332846071822,8.628623590714373,11.121125223540075
20.10317923786667,9.000645547606783,10.889827644123207
20.30347124881576,8.872069858331734,11.05346050917601
19.762168480189295,10.030625409062761,11.829873331151678
20.091834399390045,9.783882653323781,11.989768867288502
19.116926279534766,10.417017894756544,11.946971423791759
19.87818106829624,10.637101820821046,12.636816700183582
20.105698167178993,11.018197578751595,13.10980492523642
18.54596049410988,10.171242619697876,11.985226774597079
18.26791520642824,9.513184458930418,11.320880813162283
18.97669223855885,10.240815035205932,11.790415807696366
18.799119605736763,10.420153354453246,11.926576411484879
17.51119021209366,9.894912473535632,11.66809180230657
17.333657486082732,9.202897824582438,10.984919557663565
17.18560034736632,8.609280576656598,10.316740626923036
16.452204239897913,8.642136778991215,10.120568362019377
16.481579814900535,7.802275968308846,9.13297516300491
16.276903131072388,8.003869225130208,9.444305522581756
16.257445366443914,7.867752308316381,9.927974737369833
16.51300345137457,7.988062972249664,9.436959953874151
16.56499433367796,8.55400927223971,10.194102248771577
17.17067574494966,7.9986866844769775,10.034573291210554
15.874769522774063,7.971650740507916,9.301289963360688
16.876107742381752,8.432327706342397,10.158025808506485
16.318431076429864,8.276048660879448,10.072108251491663
16.47315511258347,8.991586060673301,10.490399735436785
16.937755641151266,9.47044383621984,11.537586808339478
16.169983138214818,9.802773480619587,10.742495560362995
17.08017838754045,10.321366633389948,11.884874690196824
17.15413189224914,10.272312125961989,11.614115731740126
17.520655127419126,11.010197939630944,12.466673408155916
17.641076973750465,10.730062119475459,12.200526520670309
18.961400964586087,10.68109864309201,12.190527867968827
17.66375023354464,10.440669690722787,11.931085077779027
17.97383505537048,10.35221737693754,11.50496062234447
18.188429736787597,10.24752947940031,11.956359030992047
18.482927907548472,9.38308950294052,11.262688877060215
18.698686210676453,9.06256505327742,11.117521318485846
19.86075737092312,8.785653623713246,11.212298038172651
20.21375947219836,8.11623872295801,10.609266840848022
19.44019735771022,7.96856247030373,10.292507331744684
19.512916425305264,7.838095632259962,9.996846123536764
20.346734263744768,8.09842801478022,10.405645111843318
19.99254432886354,7.868768398700577,10.530870508768636
20.7161200138098,7.9041882339766625,10.753841671084487
20.603574543015956,8.256231282973724,10.67807784771976
19.816702443958757,8.203128291700322,10.535043671602665
21.389806057521575,8.67713945497867,11.038749900488497
21.52399229340431,8.895804906466447,11.65599375290751
20.29818015621519,9.399608704819876,11.712406359837294
20.358262252622314,9.538400970370306,12.090616714113457
20.612586800294487,9.348354852517081,11.425536626636614
20.525884245997545,10.355376423123918,12.313876407895
20.550298621888004,11.065862546506617,13.00903894608801
21.064196481240558,11.071753360106081,13.199539891878132
19.787096890837923,11.139619245377352,12.82598124695994
19.274358725934214,11.17472795597547,12.620061891876478
18.76658949136211,10.685635382965108,12.478107710429224
18.861914754358736,10.484854884001487,12.304493930582055
18.974102980691715,9.934704431369706,11.559329321121362
19.64727893175891,9.668406710845707,11.935269715249447
18.250527883353307,9.56473134493133,11.535930394455047
18.38451420148973,9.357936763496879,11.190111550545009
18.035539446594274,8.598166117295705,10.501560355630625
18.42068928852063,8.199283048764778,10.35437585093913
18.887895708351873,8.101120281980311,10.086134753203373
17.17547140168246,8.136473285245135,9.950279204365417
17.034253793189315,7.476843555159937,8.957848893843979
17.66342458753052,7.277256974625219,9.529781626306868
17.37129163988111,7.955800839475861,9.52660035506854
17.87124063027771,7.9981261004459325,10.273432972098087
17.18738959120561,8.527557940705782,10.19350025201246
16.69430049774993,9.002437336701004,10.498476572524554
17.179273958489613,9.304025477293093,10.753528392315497
17.479777288834075,10.268968827994973,11.653522745378378
17.408128058008366,10.298023429380677,12.003750624135824
17.353982910621617,10.605802479663064,11.45787683454776
17.76468149379055,10.945700248889683,12.564889575087495
17.97362130967125,10.572238804099365,12.120120001434083
18.261985283661364,11.28173353622608,12.436379556141693
18.098784439209886,10.901159453472966,12.125621972010503
17.91293361163814,10.980182290849037,12.702011160448498
18.307107737847286,10.224103001867784,11.651602573075138
19.085874708924464,9.773872370195182,11.405602735821848
18.33086569737778,10.12859546506128,11.996512419997527
19.184336654436443,9.612922857829275,11.594916192407892
19.063997060964905,8.846155966039012,10.70213906971691
19.531752185797135,8.499101075617586,10.748956292734421
20.405475036673007,8.791970263544627,10.909520681442249
20.099056882213368,7.864138326463149,10.531286317297715
20.248788778663,8.568913146543197,11.117162465941785
19.74916614136743,7.759813779605641,10.264085491722387
20.984153268565187,8.277628838248908,10.891265936561568
21.091397941574556,8.142376351598624,11.084418294567286
21.981281466584775,8.66529605754489,11.328430404830511
20.84822391511381,8.636765799365726,10.842682597431184
21.184149665289343,9.117933560524525,11.62107156404395
21.240745298711918,9.572275752618681,12.323179071744752
21.914780096738284,9.65257233091936,11.902061985445975
21.056926735263904,10.542247303626029,12.572890636614806
21.19162379547548,10.481696101838319,12.70697084818604
21.273602359790324,10.81045813107464,12.89230600701663
20.951960412582206,10.735583927051046,12.582398508081818
20.49780967827632,10.321299902361407,12.580973428790484
20.656139208306545,10.986580410653557,13.384500314587607
20.912386379514817,11.622822732160522,13.519961753436165
19.6602496984979,10.901041458149232,12.472069448271766
20.022733942442805,10.354221886079712,11.978132192341636
19.37731936686015,9.924361318891323,11.866548124729325
20.08818978159102,9.626739767843624,11.939805239256355
18.488406547608115,9.400907166898778,11.313440592339722
18.72987260923561,8.525756155407368,10.566098677989247
18.961226163202582,8.90863633662088,10.80129997157936
19.326512909247807,8.555576288955717,10.491330886470518
18.29361752126008,8.411566978278785,10.55492735214002
17.84682973206847,8.281542721642918,10.377354448005146
18.881484322862907,8.211996257874596,10.03674791353411
17.0549665642403,8.562820265113391,10.579217320574909
16.541941170685934,8.781884068342576,10.448709732990048
17.75035312009464,8.813787786717649,10.881019782422205
17.196859855233384,9.114690900477154,10.462699141731377
16.884809089977264,9.710556888578571,10.872242497775222
17.728124766793133,10.537934613102326,11.94617878188703
17.50584690002906,10.068267877303796,11.656340567227888
17.143386183174258,10.315402592054099,12.040271474863525
16.85773476807424,11.048466358047605,12.35153582281596
18.03657455920802,11.169155049990396,12.494102696471513
18.056444737975312,11.262002499311123,12.415617105510782
17.839385582558734,11.237074698806158,12.803536990100504
18.994224286166443,10.952077429286218,12.367565715512121
17.739387112251954,11.232619203360473,12.859666496093235
17.73373006633421,9.99972880645703,11.489652128511166
18.387796859690017,9.874679460219717,11.89541935463735
18.95982721749252,9.709023571955328,11.694970559074623
19.3610032575327,8.863814788999997,10.935853384818047
19.37938197107184,8.947243678670393,10.929792062785458
19.93669416538574,9.192780877938585,11.273381959958801
19.39161006223446,8.467227840812146,10.737767623571656
20.988131407406,8.385321532281997,10.921314806550342
20.462431759007142,7.891950570448225,10.28728452654627
21.284218420379,8.141202838154546,10.736679672535912
21.10045688504621,8.368402980226149,10.930529167133992
21.339403095128475,8.6290252991933,10.745354039497373
21.553539491120127,9.424493138501132,11.941936031982673
21.62350838494069,9.574078750563729,11.788020432495761
21.82347441252407,9.466562612918834,11.707278492198732
22.239150766523593,10.26718000118338,12.32410528482928
21.71431404170728,10.70946652454901,12.551657528407086
21.980555335650802,11.21770488333619,13.099185473176655
21.55970665431376,11.593200311647166,13.444697388654387
22.272171640315044,10.969360481885243,13.620574541076518
21.131457953902412,11.086742746636899,12.99050985291096
22.259126067459455,10.906615381759233,13.212667540152882
21.2009475102294,11.068832147944562,13.175351497702795
20.343706660798357,11.04556768411374,12.931408516693834
20.93962271204036,10.896200354976745,12.88939613424427
20.332981519465974,10.220443260561025,12.003892159622165
20.876570879863714,9.764045743023534,12.276736280047412
19.901067784678528,9.522298830020858,11.95949194967997
19.767574750521252,8.869457129511035,10.712548914888544
18.805229634527223,9.441201444728605,11.109201364511053
19.283180373246857,8.098663586187934,10.279604875124319
18.06068056235583,8.491533434235116,10.212455300877222
18.251799482887815,8.997081865768893,10.949218499883852
19.206699979868713,8.44815121393439,10.45420652663993
19.017329574740476,8.543950183822886,11.071637275567726
18.653634569035127,8.737106201377053,10.958521593777386
17.795485442883802,9.105882495471288,10.886317891080234
18.11748847092498,9.938625974749202,11.779795726648304
18.028544625522684,9.256441426601102,11.232042151256879
17.368704622813432,10.773258678042646,11.979558369385156
18.647124649426196,10.252812854264938,11.768431764388797
18.31262768843129,10.915664473009492,12.410685728687781
17.773464456228627,11.110264779587062,12.615231939814963
17.93886841803988,11.5704547203648,12.8719495396305
18.102078371383467,10.970562694434875,12.081466533386395
17.07947846085581,11.542540539258196,12.489363234787552
18.10775545773566,11.866330992662729,13.09982131295844
18.047981390449532,10.61670797040199,12.087829533546333
18.07009578319516,10.77691185028312,12.630057072223492
18.633879348972066,10.164633914314791,11.581285412766446
19.895335915221303,10.107766161857976,12.166397960897816
19.554172325264158,9.60251576557091,11.890669699175218
19.197030730778888,9.047553927286739,11.531739237069727
20.02562492354945,9.08070151368152,11.188806711018314
20.69967771829296,9.24226632725937,11.632034496010128
20.722983308584993,8.498840123048208,11.057620831595294
20.547194959289783,8.725927382644455,11.129277244284179
20.44278071651654,8.178129373205035,10.611290601619475
21.352619005010236,8.434030981277958,11.104943663924423
21.422313197295818,9.10606171158427,11.062862791682644
21.876690821871232,9.725234808560772,12.29193990923539
21.92861238639254,9.753455436981909,12.21372240759643
22.2934322086637,9.946082590843059,12.371057535051536
21.632036499151752,10.433015989280806,13.082192530398908
22.660810065407464,10.42487767980904,12.737077353170614
22.17337430380357,11.297014769686403,13.391671478696829
23.153683893169177,11.623738024373667,14.328037858573715
21.781459547811764,11.378261639583677,13.292488960259323
22.97255640304001,11.42898735567215,13.627678108558415
22.151068424321625,11.603652208329212,13.683730366841525
21.643945103124818,11.248022184864467,13.495353664942447
21.61671293397688,11.12582038739211,13.265559398179729
21.56085283145444,11.469916536749986,13.229578726260424
21.771177185058328,10.409120857430002,12.57509841033023
21.636988248602684,9.992497954393645,12.199925126593012
20.886657346234166,9.522508890655669,11.779894372726758
20.944071809238874,9.58325759145004,11.940589166733774
21.79851495363564,8.999972576254727,11.643322202908506
21.354438052178953,8.626149982826936,10.81660524588766
20.468161834837048,9.07250247024831,11.56442254067823
20.02833527195551,9.05588090135409,11.300885544673699
19.832635889029426,8.505984190844783,11.048220940000494
19.850509880995844,8.280999908915161,10.683741568789433
18.8150963691974,9.38659393517121,11.4925590135236
18.9957412267034,9.194611052272027,11.248146149448328
18.106613751203838,10.003959112095012,11.89373519115733
18.97858507575106,9.568968854686423,11.555342226102907
18.96494211884736,10.82100776914356,12.43021158979574
18.288752663918263,10.556648421215765,12.557556213845642
19.234880349054716,11.454889407499788,13.188695020266753
17.78254266704145,11.483320026027558,12.85791343843122
17.64175910303855,11.34770691361462,12.351256468191739
18.496172452423444,11.567889106121967,12.695884251889556
18.948974649848697,11.849784276520618,13.328165447614605
19.33985081313862,11.530806441611231,13.121719555470358
18.370903763633493,11.440984065921564,12.704143492462286
19.270684565711626,11.552932175354632,13.124679193348443
18.86971927969805,10.13395608414052,12.198834108860746
18.9845921381722,10.705163772490629,12.500129940537002
19.716259464158387,9.868078213603212,11.6095127617637
19.82265409100329,9.210364785503076,11.310520881174531
18.945554816138486,8.775245740498484,10.648314259455974
20.720890400533218,8.884225777090228,11.174018718497114
20.92937920994511,9.07260629414373,11.36123774417808
20.18721864924524,8.71173526388674,10.911302824437637
20.95856823384727,9.25945773964059,11.348252764087247
21.264394867471104,8.525609187307861,11.047835387036871
21.3965859882813,9.200713143866354,11.527766185379882
21.228354771280717,9.144281966676063,10.975206789596541
21.38975882061588,9.99586099713364,12.685234966730423
21.916317176361673,10.546066217029217,13.037870339739044
22.697390995181248,10.547000029549421,12.901818077690788
22.54045592830124,10.25873584301183,12.718843670017831
22.214346938888987,11.415344615818755,13.34081421096929
22.887962387914488,11.730059671196708,14.300784790102437
21.150303191142335,11.875177165922114,14.109660109920782
23.190436307042596,12.180734657546648,14.414013733095144
21.756196567467498,11.44257263553888,13.710003550761675
22.42335403075581,11.823102937311814,13.9782105117874
21.992278085277245,11.743412425523232,13.52584046969885
21.822313367071594,10.546423724798057,12.719236979460032
22.939069244693293,10.819124115429478,13.269498734636633
21.987175884895628,10.188746050697688,12.457522473788588
22.232346152722762,9.932314630415783,12.348590279390173
21.852110215145334,9.704302945061471,12.115584487576422
21.912027761815,9.148171258986139,11.68476685997882
21.494660050899483,8.85824947057487,11.39598328473929
20.585883662235467,8.92635698581281,11.04614130781802
21.488799876852156,8.54382621834116,10.989417720217773
20.50312170841936,8.600363721900845,10.723998466064554
19.73104258354152,9.284773879210263,11.569590730013754
20.058562645187383,8.97970161767255,10.774344434807453
20.794130789947783,9.839893750272738,12.261459226871134
20.251603522853333,10.145548820202386,12.444029640185143
19.450103428211136,9.882257981362816,11.735390953335957
19.26627693598341,10.589959171953094,11.804595307193697
19.11815598883972,11.51823282091423,12.965955342105872
20.179718140776405,11.181310512437879,12.96815520584782
19.221313621183743,11.579716826983821,12.905916541838023
19.162907791005228,12.012507007409164,13.339543485366729
19.410567225558545,12.165017152784777,13.920166207112203
18.99334112265672,11.808427073620255,13.378395315887897
18.754425470233112,11.55978504726916,12.813800308986332
18.827250574000132,11.932371130289356,12.991827185112426
18.962086337702658,11.721669899139314,13.10434972333003
19.081734776813022,11.136885982888353,12.683164385803199
19.595158920814477,10.48559544276953,12.406747975851182
19.414946457352062,9.834291715853949,11.64335932164004
19.937225826750407,9.470866678033026,11.666438422848874
19.734071205360728,9.571094059799956,11.990720296924156
20.035810246954636,9.306481360589933,11.615447342351725
19.23465055236457,9.456590838450337,11.402585079767029
20.94078406302152,9.185135027760841,11.49963474060232
20.912577770820395,8.59518717003845,10.987330663358867
21.499005054929842,9.516546179640216,12.14916613718857
19.812538778031737,9.14492164002586,11.152982378436775
22.56156712672006,9.64480861841424,12.2372048618754
21.696454291291772,10.20183149422176,12.510995634011978
22.557598756572197,11.11870024693515,13.306123110300254
21.705617541022157,11.846204134455366,13.543593706191906
22.73548116438865,11.462016917740845,13.78130466779394
22.084318703964744,11.540701186163705,13.637223895352838
22.456771370656128,11.999389800220829,14.190914208195203
23.856669781865413,12.260185367195737,14.47276218884184
22.906771832208648,11.953799712332843,14.388558396070614
23.183290938047236,12.542452146207308,14.495265148332928
23.55108732220092,11.92805933343409,14.595072987991035
23.37389440084285,11.774983098507246,13.745238057008715
23.179783954029162,11.519777275616335,13.93873262421028
23.234593533823425,11.0897045508381,13.61376848394049
24.17136189755118,10.831682150140939,13.340506686034812
22.829846452487267,10.011595476382183,12.660124459175405
22.821576008909048,9.672509473816216,12.558226514786814
23.084421409861196,9.204293558328681,11.53695536076437
22.928333471063947,9.432812263509414,12.232465466518484
22.767022500983618,9.38979221162003,11.566584105426733
22.275614216383932,9.247331859845564,11.659855370448597
21.155877317964496,9.668458990570647,12.291775929029606
22.307382233279174,9.319283088674611,11.800546510917114
20.67682730349066,9.764962324897915,11.71255932773467
21.1606512654909,9.552489737158195,11.834534497027802
20.395482300660642,10.1306415216039,12.59719094504796
20.51168172133417,10.848661327269662,12.41492895664136
20.49087385694832,11.28795920087675,12.918280149763197
20.285108103140185,11.311809915700707,13.40595588982453
20.151866165260298,11.694180396222379,13.75725801873751
20.585829148977727,11.503675981672407,13.299420370275415
19.868111299752968,12.006779979191617,13.331235702798558
19.408267577422638,12.437114949055935,14.250514175091109
19.929930551553888,12.296450244265591,14.14203478407309
19.99016074300494,12.129237822091005,13.83721180382624
18.760142635574965,11.760592277934139,12.99802187967482
19.68264657806839,11.442118947588478,13.080418605516853
19.77601186969806,10.885132225811763,12.631236138380055
19.349105215729704,10.909648526060762,12.663710124917667
20.288199301723758,10.443063315663025,12.702290800501439
19.656316355479703,10.107605654397894,12.193231202841737
19.951761741184193,9.496529375419879,11.37210063317579
19.984369876000695,8.774959018361985,11.292140479893636
20.282219019205765,9.605257074092513,11.803275891117796
19.948355108348952,9.08634876319748,11.396163191399559
20.01372545333349,9.027278531353462,11.517876087605188
21.77987275728278,9.649005567897548,11.852862955871885
20.81585285871219,9.5667360362444,11.809394284996666
21.004303825271823,10.31798091521395,12.34895458695368
20.683971410326738,10.551873217219198,12.264720970767616
21.697898900484958,10.965070796960125,13.180978413186077
21.604704208665567,10.743441854293616,13.41800563548489
23.324514928271636,11.883583195615927,13.80375399324592
23.23047904925625,11.914035331149993,14.17086795256135
22.585019039268513,11.968254963902773,14.219716365990877
24.2372443882237,12.276905279636267,14.69358874168499
23.759538594499833,11.757129430130503,14.134985652501221
23.237238413177717,12.366484582877808,14.280792076248625
22.252410175153518,11.790226653222037,13.929220706196366
24.72004578775274,11.459859086026812,13.960543630968813
22.921267223474747,11.103292244134611,13.028902899006928
22.8033540833781,11.537035080150805,14.02921732489901
24.1158597174622,10.631220981892197,13.519825892974607
24.771989235759943,10.89688974532119,13.682241838779158
24.161790514187295,9.919259561084317,12.813580689346054
23.64061041103023,9.262132440942292,12.352691637502993
23.518403656384237,9.206004562338778,12.113352312503487
23.485801991247534,9.766854746568471,12.691447706456547
23.255034799478327,9.303230546619002,12.034094957016096
22.814103060188156,9.241625071619211,12.218517417047789
22.508349657345317,9.60896736207917,12.253000966318936
22.196083210379964,9.954874649070439,12.441926750053518
21.613684172695272,10.455219644770748,12.432900332613247
21.60966246156666,10.921321201314036,13.116380624224902
20.662855125773675,10.77206940626331,12.583835566666492
21.22345041227294,10.875414261829134,12.817364946612196
20.549455341055197,11.515960451662997,13.159584303878212
20.274697993188727,12.033744323754679,13.468688071261644
20.714376570991778,11.909910427813475,14.095757937052527
21.136906931314943,12.066743464965095,14.147043970632746
20.738131817449588,12.513136364464966,14.542208955490745
19.356093847184383,12.349293033962477,13.506074192695745
19.535531826782787,12.228877204300149,13.704458878778857
20.418272561403814,11.758111571369815,13.231442244335796
19.404181801773472,11.610879785738275,13.0304012135059
19.761629968144945,11.045958624373284,12.605467496444302
20.158972592655736,11.207059523337417,13.245358938489392
19.4412532711108,10.867346232763396,12.502881704812525
20.050574720482665,9.646143641328607,11.940705723898223
19.433333147608856,9.615486570162476,11.699880063569458
19.930660327020366,9.212003117796327,11.816462310062093
20.54886448151966,9.321104080244329,11.270767315871451
19.77440892137676,9.44496860906289,11.762703319483025
20.994666864395242,9.091217694656846,11.701195702684672
20.986673752333225,9.404403950385724,11.526182143169818
21.50999587183917,9.623152616595704,12.20194793493903
21.594577292702642,10.302180198819665,12.627888610201508
22.421403747858292,10.627574733457086,12.940845284346645
